name,english,lon,lat,lines,line_count
一大会址·新天地,Yi DaHui Zhi XinTianDi,121.475182,31.216367,"['10号线', '13号线']",2
一大会址·黄陂南路,Yi DaHui Zhi HuangPi NanLu,121.472904,31.223898,"['14号线', '1号线']",2
七宝,QiBao,121.349221,31.155287,['9号线'],1
七莘路,QiXin Lu,121.362461,31.131634,['12号线'],1
三林,SanLin,121.511796,31.143224,['11号线'],1
三林东,San LinDong,121.522999,31.146459,['11号线'],1
三林南,SanLinNan,121.486854,31.126039,['市域机场线'],1
三门路,SanMen Lu,121.50834,31.313214,['10号线'],1
三鲁公路,SanLu GongLu,121.527389,31.056108,['浦江线'],1
上南路,ShangNanLu,121.506447,31.14882,['6号线'],1
上大路,ShangDa Lu,121.408686,31.314969,['7号线'],1
上海体育场,ShangHai TiYuChang,121.443529,31.185605,['4号线'],1
上海体育馆,ShangHai TiYuGuan,121.437423,31.182813,"['1号线', '4号线']",2
上海儿童医学中心,ShangHai ErTong YiXue ZhongXin,121.523482,31.203277,['6号线'],1
上海动物园,ShangHai DongWuYuan,121.368137,31.190246,['10号线'],1
上海南站,ShangHai NanZhan,121.430041,31.154579,"['15号线', '1号线', '3号线']",3
上海国际旅游度假区,ShangHai GuoJi LvYou DuJiaQu,121.67973,31.156182,['市域机场线'],1
上海图书馆,ShangHai TuShuGuan,121.444363,31.20796,['10号线'],1
上海大学,ShangHai DaXue,121.388884,31.320586,['7号线'],1
上海松江站,ShangHai SongJiang Zhan,121.230884,30.984818,['9号线'],1
上海汽车城,ShangHai QiCheCheng,121.180742,31.285403,['11号线'],1
上海游泳馆,ShangHai YouYongGuan,121.441424,31.179123,['11号线'],1
上海火车站,ShangHai HuoCheZhan,121.457939,31.249632,"['1号线', '3号线', '4号线']",3
上海科技馆,ShangHai KeJiGuan,121.544439,31.21882,['2号线'],1
上海西站,ShangHai XiZhan,121.400926,31.262693,"['11号线', '15号线']",2
上海财经大学,ShangHai CaiJing DaXue,121.496332,31.307672,['18号线'],1
上海赛车场,ShangHai SaiCheChang,121.226098,31.331898,['11号线'],1
上海马戏城,ShangHai MaXiCheng,121.452023,31.279895,['1号线'],1
下南路,XiaNan Lu,121.540189,31.179295,['13号线'],1
下沙,XiaSha,121.588988,31.054396,['18号线'],1
世博会博物馆,ShiBoHui BoWuGuan,121.481592,31.197572,['13号线'],1
世博大道,ShiBo DaDao,121.484313,31.182789,['13号线'],1
世纪公园,ShiJi GongYuan,121.550909,31.209421,['2号线'],1
世纪大道,ShiJi DaDao,121.527213,31.228682,"['2号线', '4号线', '6号线', '9号线']",4
东兰路,DongLan Lu,121.391919,31.155826,['12号线'],1
东城一路,DongCheng YiLu,121.532093,31.03039,['浦江线'],1
东安路,DongAn Lu,121.454897,31.190819,"['4号线', '7号线']",2
东宝兴路,DongBaoXing Lu,121.480202,31.259886,['3号线'],1
东川路,DongChuan Lu,121.419901,31.018197,['5号线'],1
东方体育中心,DongFang TiYuZhongXin,121.480304,31.153366,"['11号线', '6号线', '8号线']",3
东方绿舟,DongFang LvZhou,121.019534,31.098544,['17号线'],1
东明路,dong ming lu,121.510868,31.172646,"['13号线', '6号线']",2
东陆路,DongLu Lu,121.579124,31.282533,['12号线'],1
东靖路,DongJing Lu,121.588736,31.290684,['6号线'],1
中兴路,ZhongXing Lu,121.469026,31.253228,['8号线'],1
中华艺术宫,ZhongHua YiShu Gong,121.493626,31.185242,['8号线'],1
中宁路,ZhongNing Lu,121.414541,31.245059,['14号线'],1
中山公园,ZhongShan GongYuan,121.415773,31.217948,"['2号线', '3号线', '4号线']",3
中山北路,ZhongShan BeiLu,121.459204,31.258891,['1号线'],1
中春路,ZhongChun Lu,121.334596,31.149766,"['9号线', '市域机场线']",2
中潭路,ZhongTan Lu,121.441001,31.254568,"['3号线', '4号线']",2
中科路,ZhongKe Lu,121.602465,31.178862,['13号线'],1
丰庄,FengZhuang,121.355141,31.242553,['13号线'],1
丰翔路,FengXiang Lu,121.380872,31.308218,['15号线'],1
临平路,LinPing Lu,121.500696,31.260874,['4号线'],1
临沂新村,LinYi XinCun,121.516695,31.193202,['6号线'],1
临洮路,LinTao Lu,121.33086,31.263059,['14号线'],1
临港大道,LinGang DaDao,121.910851,30.923519,['16号线'],1
丹阳路,DanYang Lu,121.53116,31.253815,['18号线'],1
乐秀路,LeXiu Lu,121.314103,31.265363,['14号线'],1
九亭,JiuTing,121.319423,31.137252,['9号线'],1
书院,ShuYuan,121.85052,30.959264,['16号线'],1
云台路,YunTai Lu,121.500439,31.182212,['7号线'],1
云山路,YunShan Lu,121.571153,31.250969,"['14号线', '6号线']",2
云锦路,YunJin Lu,121.458519,31.166488,['11号线'],1
云顺路,YunShun Lu,121.600336,31.237064,['14号线'],1
五洲大道,WuZhou DaDao,121.589212,31.302569,['6号线'],1
五莲路,WuLian Lu,121.587866,31.272025,['6号线'],1
五角场,WuJiaoChang,121.514632,31.298043,['10号线'],1
交通大学,JiaoTong DaXue,121.435253,31.202213,"['10号线', '11号线']",2
人民广场,RenMin GuangChang,121.475108,31.232687,"['1号线', '2号线', '8号线']",3
伊犁路,YiLi Lu,121.403899,31.19888,['10号线'],1
佘山,SheShan,121.229686,31.104097,['9号线'],1
元江路,YuanJiang Lu,121.431901,31.062815,['15号线'],1
兆丰路,ZhaoFeng Lu,121.150315,31.289048,['11号线'],1
光明路,GuangMing Lu,121.117186,31.29621,['11号线'],1
共富新村,GongFu XinCun,121.434063,31.355082,['1号线'],1
共康路,GongKang Lu,121.447063,31.318936,['1号线'],1
凌兆新村,LingZhao XinCun,121.489663,31.141301,['8号线'],1
凌空路,LingKong Lu,121.724095,31.192861,['2号线'],1
刘行,LiuHang,121.362376,31.357586,['7号线'],1
创新中路,ChuangXin ZhongLu,121.673713,31.213871,['2号线'],1
剑川路,JianChuan Lu,121.416582,31.026483,['5号线'],1
北中路,BeiZhong Lu,121.561355,31.182762,['18号线'],1
北新泾,BeiXinJing,121.373998,31.216395,['2号线'],1
北桥,BeiQiao,121.410054,31.045112,['5号线'],1
北洋泾路,BeiYangJing Lu,121.552314,31.239145,['6号线'],1
北蔡,BeiCai,121.552017,31.180131,['13号线'],1
华东理工大学,HuaDong LiGong DaXue,121.42899,31.144257,['15号线'],1
华夏东路,HuaXia DongLu,121.680972,31.196575,['2号线'],1
华夏中路,HuaXia ZhongLu,121.583109,31.175759,"['13号线', '16号线']",2
华夏西路,HuaXia XiLu,121.514539,31.149878,['6号线'],1
华宁路,HuaNing Lu,121.395255,31.007467,['5号线'],1
华鹏路,HuaPeng Lu,121.526567,31.176276,['13号线'],1
南京东路,NanJing DongLu,121.484628,31.238101,"['10号线', '2号线']",2
南京西路,NanJing XiLu,121.459971,31.229853,"['12号线', '13号线', '2号线']",3
南大路,NanDaLu,121.380346,31.299263,['15号线'],1
南浦大桥,NanPu DaQiao,121.499725,31.208504,['4号线'],1
南翔,NanXiang,121.323141,31.296952,['11号线'],1
南陈路,NanChen Lu,121.398419,31.32174,['7号线'],1
博兴路,BoXing Lu,121.586689,31.26352,['6号线'],1
友谊西路,YouYi XiLu,121.427953,31.381296,['1号线'],1
友谊路,YouYi Lu,121.475924,31.404016,['3号线'],1
双柏路,ShuangBai Lu,121.42175,31.083214,['15号线'],1
双江路,ShuangJiang Lu,121.539425,31.353601,['10号线'],1
古浪路,GuLang Lu,121.392217,31.284509,['15号线'],1
台儿庄路,TaiErZhuang Lu,121.597458,31.252825,['9号线'],1
合川路,HeChuan Lu,121.384772,31.166542,['9号线'],1
同济大学,TongJi DaXue,121.506357,31.282086,['10号线'],1
后滩,HouTan,121.473756,31.171918,['7号线'],1
向城路,XiangCheng Lu,121.53208,31.222285,['4号线'],1
吴中路,WuZhongLu,121.413905,31.184345,['15号线'],1
周浦,ZhouPu,121.567613,31.114129,['18号线'],1
周浦东,Zhou PuDong,121.606895,31.110038,['16号线'],1
呼兰路,HuLan Lu,121.437711,31.339703,['1号线'],1
唐镇,TangZhen,121.656269,31.214107,['2号线'],1
商城路,ShangCheng Lu,121.516275,31.230258,['9号线'],1
嘉善路,JiaShan Lu,121.460704,31.20282,"['12号线', '9号线']",2
嘉定北,JiaDing Bei,121.23735,31.391549,['11号线'],1
嘉定新城,JiaDingXinCheng,121.254294,31.330062,['11号线'],1
嘉定西,Jia DingXi,121.227855,31.377107,['11号线'],1
嘉怡路,JiaYi Lu,121.345697,31.259195,['14号线'],1
嘉松中路,JiaSong ZhongLu,121.223916,31.164099,['17号线'],1
四川北路,SiChuan BeiLu,121.484208,31.252035,['10号线'],1
四平路,SiPing Lu,121.501488,31.27488,"['10号线', '8号线']",2
国家会展中心(17号线),GuoJia HuiZhan ZhongXin (17 Hao Xian),121.29304,31.191678,['17号线'],1
国家会展中心(2号线),GuoJia HuiZhan ZhongXin (2 Hao Xian),121.299204,31.188367,['2号线'],1
国帆路,GuoFan Lu,121.513168,31.339548,['10号线'],1
国权路,GuoQuan Lu,121.510024,31.289276,"['10号线', '18号线']",2
国际客运中心,GuoJi KeYun ZhongXin,121.498158,31.25016,['12号线'],1
场中路,ChangZhong Lu,121.413458,31.303682,['7号线'],1
基隆路,JiLong Lu,121.590411,31.351311,['10号线'],1
塘桥,TangQiao,121.51869,31.209762,['4号线'],1
复兴岛,FuXingDao,121.561315,31.280779,['12号线'],1
复旦大学,FuDanDaXue,121.499529,31.296349,['18号线'],1
外环路,WaiHuan Lu,121.39302,31.120899,['1号线'],1
外高桥保税区北,WaiGaoQiao BaoShuiQu Bei,121.586926,31.347802,['6号线'],1
外高桥保税区南,WaiGaoQiao BaoShuiQu Nan,121.601963,31.321578,['6号线'],1
大世界,DaShiJie,121.479182,31.227392,"['14号线', '8号线']",2
大华三路,DaHua San Lu,121.422949,31.274047,['7号线'],1
大场镇,DaChangZhen,121.416157,31.293259,['7号线'],1
大木桥路,DaMuQiao Lu,121.463278,31.194057,"['12号线', '4号线']",2
大柏树,DaBaiShu,121.483216,31.289433,['3号线'],1
大渡河路,DaDuHe Lu,121.394431,31.231752,"['13号线', '15号线']",2
大连路,DaLian Lu,121.513088,31.257938,"['12号线', '4号线']",2
天潼路,TianTong Lu,121.482321,31.243815,"['10号线', '12号线']",2
奉浦大道,FengPu DaDao,121.448984,30.942055,['5号线'],1
奉贤新城,FengXian XinCheng,121.49629,30.913916,['5号线'],1
姚虹路,YaoHong Lu,121.406405,31.19155,['15号线'],1
威宁路,WeiNing Lu,121.387285,31.21487,['2号线'],1
娄山关路,LouShanGuan Lu,121.404058,31.211158,"['15号线', '2号线']",2
嫩江路,NenJiang Lu,121.531954,31.314804,['8号线'],1
学林路,XueLin Lu,121.614363,31.183476,['13号线'],1
宁国路,NingGuo Lu,121.532352,31.268574,['12号线'],1
安亭,AnTing,121.161985,31.28849,['11号线'],1
宋园路,SongYuan Lu,121.41208,31.19654,['10号线'],1
定边路,DingBian Lu,121.362396,31.256392,['14号线'],1
宜山路,YiShan Lu,121.427194,31.186717,"['3号线', '4号线', '9号线']",3
宝安公路,BaoAn GongLu,121.430914,31.369555,['1号线'],1
宝山路,BaoShan Lu,121.476298,31.251523,"['3号线', '4号线']",2
宝杨路,BaoYang Lu,121.479574,31.395315,['3号线'],1
富锦路,FuJin Lu,121.424661,31.39226,['1号线'],1
封浜,FengBang,121.297006,31.267488,['14号线'],1
小南门,XiaoNanMen,121.498398,31.216866,['9号线'],1
岚皋路,LanGao Lu,121.421939,31.256198,['7号线'],1
川沙,ChuanSha,121.69821,31.186741,['2号线'],1
巨峰路,JuFeng Lu,121.588365,31.280684,"['12号线', '6号线']",2
市光路,ShiGuang Lu,121.531933,31.322724,['8号线'],1
常熟路,ChangShu Lu,121.449141,31.213524,"['1号线', '7号线']",2
平凉路,PingLiang Lu,121.526701,31.259038,['18号线'],1
广兰路,GuangLan Lu,121.621072,31.21105,['2号线'],1
康恒路,KangHeng Lu,121.553699,31.154229,['11号线'],1
康新公路,KangXin GongLu,121.617199,31.130439,['11号线'],1
康桥,KangQiao,121.567306,31.134239,['18号线'],1
康桥东,KangQiao Dong,121.614894,31.146808,['市域机场线'],1
延吉中路,YanJi ZhongLu,121.534941,31.288543,['8号线'],1
延安西路,YanAn XiLu,121.417062,31.209616,"['3号线', '4号线']",2
延长路,YanChang Lu,121.455329,31.271675,['1号线'],1
张华浜,ZhangHuaBang,121.498671,31.358016,['3号线'],1
张江路,ZhangJiang Lu,121.629182,31.18913,['13号线'],1
张江高科,ZhangJiang GaoKe,121.58749,31.201872,['2号线'],1
彭浦新村,PengPuXinCun,121.448642,31.306604,['1号线'],1
徐家汇,XuJiaHui,121.436603,31.195514,"['11号线', '1号线', '9号线']",3
徐泾北城,XuJing BeiCheng,121.241668,31.175518,['17号线'],1
徐盈路,XuYing Lu,121.253976,31.178101,['17号线'],1
御桥,YuQiao,121.570914,31.158131,"['11号线', '18号线']",2
德平路,DePing Lu,121.564237,31.2454,['6号线'],1
惠南,HuiNan,121.761677,31.053828,['16号线'],1
惠南东,HuiNan Dong,121.7938,31.026448,['16号线'],1
成山路,cheng shan lu,121.49622,31.170735,"['13号线', '8号线']",2
打浦桥,DaPuQiao,121.468681,31.206309,['9号线'],1
抚顺路,FuShun Lu,121.515793,31.283664,['18号线'],1
提篮桥,TiLanQiao,121.506801,31.253518,['12号线'],1
文井路,WenJing Lu,121.380775,31.003597,['5号线'],1
新场,XinChang,121.64898,31.045561,['16号线'],1
新村路,XinCun Lu,121.422668,31.263855,['7号线'],1
新江湾城,XinJiangWanCheng,121.506951,31.328496,['10号线'],1
新闸路,XinZha Lu,121.468151,31.238373,['1号线'],1
昌吉东路,ChangJi DongLu,121.200384,31.29362,['11号线'],1
昌平路,ChangPing Lu,121.442617,31.233749,['7号线'],1
昌邑路,ChangYi Lu,121.540104,31.24394,"['14号线', '18号线']",2
星中路,XingZhong Lu,121.368903,31.158109,['9号线'],1
春申路,ChunShen Lu,121.385818,31.09825,['5号线'],1
景洪路,JingHong Lu,121.44431,31.109817,"['15号线', '市域机场线']",2
景西路,JingXi Lu,121.41876,31.099727,['15号线'],1
曙建路,ShuJian Lu,121.417897,31.090625,['15号线'],1
曲阜路,QuFu Lu,121.471543,31.242307,"['12号线', '8号线']",2
曲阳路,QuYang Lu,121.491138,31.276524,['8号线'],1
曹杨路,CaoYang Lu,121.417701,31.239302,"['11号线', '14号线', '3号线', '4号线']",4
曹路,CaoLu,121.683153,31.271297,['9号线'],1
望园路,WangYuan Lu,121.48358,30.93194,['5号线'],1
朱家角,ZhuJiaJiao,121.048989,31.100594,['17号线'],1
朱梅路,ZhuMei Lu,121.437804,31.124364,['15号线'],1
李子园,LiZiYuan,121.389969,31.26902,['11号线'],1
杨思,YangSi,121.493443,31.161054,['8号线'],1
杨树浦路,YangShuPu Lu,121.51721,31.251935,['4号线'],1
杨高中路,YangGao ZhongLu,121.548664,31.22751,"['18号线', '9号线']",2
杨高北路,YangGao BeiLu,121.60296,31.280092,['12号线'],1
杨高南路,YangGao NanLu,121.524539,31.187613,['7号线'],1
松江体育中心,SongJiang TiYuZhongXin,121.230546,31.016006,['9号线'],1
松江大学城,SongJiang DaXueCheng,121.232577,31.053984,['9号线'],1
松江新城,SongJiang XinCheng,121.230739,31.030295,['9号线'],1
枫桥路,FengQiao Lu,121.411402,31.24185,['11号线'],1
桂林公园,GuiLin GongYuan,121.419647,31.166985,"['12号线', '15号线']",2
桂林路,GuiLin Lu,121.418064,31.174791,"['15号线', '9号线']",2
桂桥路,GuiQiao Lu,121.635087,31.249419,['14号线'],1
桃浦新村,TaoPu XinCun,121.349623,31.281603,['11号线'],1
梅岭北路,MeiLing BeiLu,121.396997,31.243301,['15号线'],1
歇浦路,XiePu Lu,121.551506,31.250728,['14号线'],1
武威东路,WuWei DongLu,121.392094,31.275647,['15号线'],1
武威路,WuWei Lu,121.364678,31.276646,['11号线'],1
武宁路,WuNing Lu,121.430504,31.234346,"['13号线', '14号线']",2
武定路,WuDing Lu,121.436157,31.227303,['14号线'],1
殷高东路,YinGao DongLu,121.506797,31.321768,['10号线'],1
殷高西路,YinGao XiLu,121.484856,31.320005,['3号线'],1
殷高路,YinGao Lu,121.49556,31.321705,['18号线'],1
民生路,MinShengLu,121.543527,31.235851,"['18号线', '6号线']",2
民雷路,MinLei Lu,121.668125,31.268335,['9号线'],1
水产路,ShuiChan Lu,121.488247,31.381302,['3号线'],1
水城路,ShuiCheng Lu,121.392259,31.199482,['10号线'],1
永德路,YongDe Lu,121.443203,31.039147,['15号线'],1
汇臻路,HuiZhen Lu,121.524558,31.025245,['浦江线'],1
汇金路,HuiJin Lu,121.151665,31.161221,['17号线'],1
汉中路,HanZhong Lu,121.458699,31.241883,"['12号线', '13号线', '1号线']",3
江宁路,JiangNing Lu,121.44483,31.244282,['13号线'],1
江川路,JiangChuan Lu,121.423474,31.005428,['5号线'],1
江月路,JiangYue Lu,121.508603,31.084253,['8号线'],1
江杨北路,JiangYang BeiLu,121.439819,31.407858,['3号线'],1
江浦公园,JiangPu GongYuan,121.523697,31.26457,"['12号线', '18号线']",2
江浦路,JiangPu Lu,121.518379,31.274946,"['18号线', '8号线']",2
江湾体育场,JiangWan TiYuChang,121.513314,31.304293,['10号线'],1
江湾镇,JiangWanZhen,121.485064,31.305566,['3号线'],1
江苏路,JiangSuLu,121.430642,31.220411,"['11号线', '2号线']",2
汶水路,WenShui Lu,121.450251,31.292556,['1号线'],1
沈杜公路,ShenDu GongLu,121.512272,31.061427,"['8号线', '浦江线']",2
沈梅路,ShenMei Lu,121.580589,31.091115,['18号线'],1
泗泾,SiJing,121.260247,31.118272,['9号线'],1
洞泾,DongJing,121.230473,31.084492,['9号线'],1
洲海路,ZhouHai Lu,121.589396,31.312229,['6号线'],1
浦三路,PuSanLu,121.539005,31.150861,['11号线'],1
浦东1号2号航站楼,PuDong 1 Hao 2 Hao HangZhanLou,121.805591,31.150958,"['2号线', '市域机场线', '磁浮线']",3
浦东南路,PuDong NanLu,121.512412,31.238532,['14号线'],1
浦东南路(原东昌路),PuDong NanLu (YuanDongChang Lu),121.515556,31.23327,['2号线'],1
浦东大道,PuDong DaDao,121.519302,31.240308,"['14号线', '4号线']",2
浦东足球场,PuDong ZuQiuChang,121.61543,31.241645,['14号线'],1
浦江镇,PuJiangZhen,121.506272,31.09659,['8号线'],1
浦电路,PuDian Lu,121.529351,31.220154,['6号线'],1
浦航路,PuHang Lu,121.530591,31.040993,['浦江线'],1
海伦路,HaiLun Lu,121.488697,31.259303,"['10号线', '4号线']",2
海天三路,HaiTian San Lu,121.796878,31.168459,['2号线'],1
淀山湖大道,Dian ShanHu DaDao,121.082134,31.13446,['17号线'],1
淞发路,SongFa Lu,121.50039,31.345135,['3号线'],1
淞滨路,SongBin Lu,121.492818,31.370928,['3号线'],1
淞虹路,SongHong Lu,121.359536,31.218225,['2号线'],1
淮海中路,HuaiHai ZhongLu,121.464363,31.220056,['13号线'],1
港城路,GangCheng Lu,121.575017,31.353223,"['10号线', '6号线']",2
源深体育中心,YuanShen TiYu ZhongXin,121.534642,31.233004,['6号线'],1
源深路,YuanShen Lu,121.531016,31.241318,['14号线'],1
滴水湖,DiShuiHu,121.929583,30.907245,['16号线'],1
漕宝路,CaoBao Lu,121.433143,31.168344,"['12号线', '1号线']",2
漕河泾开发区,CaoHeJing KaiFaQu,121.397769,31.170644,['9号线'],1
漕溪路,CaoXi Lu,121.43841,31.176746,['3号线'],1
漕盈路,CaoYing Lu,121.096889,31.160467,['17号线'],1
潘广路,PanGuang Lu,121.355845,31.364182,['7号线'],1
灵岩南路,LingYan NanLu,121.495295,31.148665,['6号线'],1
爱国路,AiGuo Lu,121.552655,31.279788,['12号线'],1
环城东路,HuanCheng DongLu,121.463204,30.931168,['5号线'],1
申江路,ShenJiang Lu,121.626863,31.280231,['12号线'],1
白银路,BaiYin Lu,121.24535,31.345359,['11号线'],1
真光路,ZhenGuang Lu,121.384162,31.253278,['14号线'],1
真北路,ZhenBeiLu,121.381948,31.232235,['13号线'],1
真如,ZhenRu,121.407219,31.250767,"['11号线', '14号线']",2
真新新村,ZhenXinXinCun,121.371949,31.255566,['14号线'],1
石龙路,ShiLong Lu,121.443205,31.157949,['3号线'],1
祁华路,QiHua Lu,121.373529,31.322388,['7号线'],1
祁安路,QiAn Lu,121.384813,31.291558,['15号线'],1
祁连山南路,QiLianShan NanLu,121.367275,31.237625,['13号线'],1
祁连山路,QiLianShan Lu,121.376035,31.27165,['11号线'],1
秀沿路,XiuYan Lu,121.59839,31.138128,['11号线'],1
紫竹高新区,ZiZhu GaoXinQu,121.451221,31.02319,['15号线'],1
紫藤路,ZiTeng Lu,121.364831,31.169674,['10号线'],1
繁荣路,FanRong Lu,121.570547,31.102554,['18号线'],1
红宝石路,HongBaoShi Lu,121.398372,31.198863,['15号线'],1
罗南新村,LuoNan XinCun,121.35747,31.388831,['7号线'],1
罗山路,LuoShan Lu,121.593152,31.153259,"['11号线', '16号线']",2
罗秀路,LuoXiu Lu,121.435806,31.131552,['15号线'],1
美兰湖,MeiLanHu,121.349894,31.401889,['7号线'],1
翔殷路,XiangYin Lu,121.531974,31.305002,['8号线'],1
耀华路,YaoHua Lu,121.494605,31.178513,"['7号线', '8号线']",2
老西门,LaoXiMen,121.483793,31.219014,"['10号线', '8号线']",2
联航路,LianHang Lu,121.510594,31.073567,['8号线'],1
肇嘉浜路,ZhaoJiaBang Lu,121.450212,31.199436,"['7号线', '9号线']",2
自然博物馆,ZiRan BoWuGuan,121.462366,31.236451,['13号线'],1
航中路,HangZhong Lu,121.355336,31.165417,['10号线'],1
航头,HangTou,121.596083,31.037305,['18号线'],1
航头东,HangTou Dong,121.617494,31.054919,['16号线'],1
航津路,HangJin Lu,121.593974,31.335371,['6号线'],1
芦恒路,LuHeng Lu,121.49826,31.11907,['8号线'],1
花木路,HuaMu Lu,121.562754,31.211212,['7号线'],1
花桥,HuaQiao,121.104407,31.29879,['11号线'],1
芳华路,FangHua Lu,121.550115,31.19311,['7号线'],1
芳甸路,FangDian Lu,121.558431,31.231845,['9号线'],1
芳芯路,FangXin Lu,121.559226,31.191158,['18号线'],1
莘庄,XinZhuang,121.385373,31.111152,"['1号线', '5号线']",2
莲溪路,LianXi Lu,121.566414,31.16911,"['13号线', '18号线']",2
莲花路,LianHua Lu,121.40291,31.1309,['1号线'],1
萧塘,XiaoTang,121.441857,30.965888,['5号线'],1
蓝天路,LanTian Lu,121.577995,31.241028,"['14号线', '9号线']",2
蓝村路,LanCun Lu,121.527627,31.211672,"['4号线', '6号线']",2
虹口足球场,HongKou ZuQiuChang,121.479154,31.271392,"['3号线', '8号线']",2
虹桥1号航站楼,HongQiao 1 Hao HangZhanLou,121.347371,31.191363,['10号线'],1
虹桥2号航站楼,HongQiao 2 Hao HangZhanLou,121.324443,31.194055,"['10号线', '2号线', '市域机场线']",3
虹桥火车站,HongQiao HuoCheZhan,121.31895,31.194022,"['10号线', '17号线', '2号线']",3
虹桥路,HongQiao Lu,121.420814,31.197524,"['10号线', '3号线', '4号线']",3
虹梅南路,HongMei NanLu,121.433059,31.103839,['15号线'],1
虹梅路,HongMei Lu,121.39725,31.16035,['12号线'],1
虹漕路,HongCao Lu,121.410553,31.164033,['12号线'],1
虹莘路,HongXin Lu,121.380349,31.137452,['12号线'],1
蟠祥路·国家会计学院,PanXiang Lu GuoJia KuaiJi XueYuan,121.286143,31.181388,['2号线'],1
蟠龙路,PanLong Lu,121.278645,31.186328,['17号线'],1
行知路,XingZhiLu,121.42177,31.284496,['7号线'],1
衡山路,HengShan Lu,121.446424,31.204528,['1号线'],1
西岑,XiCen,120.964163,31.070526,['17号线'],1
西渡,XiDu,121.432441,30.98935,['5号线'],1
西藏北路,XiZang BeiLu,121.468818,31.263453,['8号线'],1
西藏南路,XiZang NanLu,121.489555,31.201967,"['4号线', '8号线']",2
豫园,YuYuan,121.487426,31.228005,"['10号线', '14号线']",2
赤峰路,ChiFeng Lu,121.482429,31.281247,['3号线'],1
赵巷,ZhaoXiang,121.192279,31.161247,['17号线'],1
迎春路,YingChun Lu,121.550998,31.221002,['18号线'],1
远东大道,YuanDong DaDao,121.755301,31.199385,['2号线'],1
迪士尼,DiShiNi,121.667959,31.141263,['11号线'],1
通河新村,TongHe XinCun,121.441546,31.33113,['1号线'],1
邮电新村,YouDian XinCun,121.494247,31.268431,['10号线'],1
醉白池,ZuiBaiChi,121.229361,31.001125,['9号线'],1
野生动物园,YeSheng DongWuYuan,121.699218,31.050325,['16号线'],1
金京路,JinJing Lu,121.615477,31.279823,['12号线'],1
金吉路,JinJi Lu,121.628741,31.264304,['9号线'],1
金平路,JinPing Lu,121.410186,31.011282,['5号线'],1
金桥,JinQiao,121.611336,31.26085,['9号线'],1
金桥路,JinQiao Lu,121.581817,31.257084,['6号线'],1
金沙江西路,JinShaJiang XiLu,121.335156,31.241152,['13号线'],1
金沙江路,JinShaJiang Lu,121.413201,31.232147,"['13号线', '3号线', '4号线']",3
金海湖,JinHaiHu,121.492506,30.928805,['5号线'],1
金海路,JinHai Lu,121.638629,31.263141,"['12号线', '9号线']",2
金科路,JinKe Lu,121.601989,31.204213,['2号线'],1
金粤路,JinYue Lu,121.629016,31.242092,['14号线'],1
金运路,JinYun Lu,121.319308,31.240986,['13号线'],1
铁力路,TieLi Lu,121.461139,31.40812,['3号线'],1
铜川路,TongChuan Lu,121.397036,31.250733,"['14号线', '15号线']",2
银都路,YinDu Lu,121.390264,31.089345,['5号线'],1
锦江乐园,JinJiangLeYuan,121.414107,31.142217,['1号线'],1
锦秋路,JinQiu Lu,121.381765,31.320184,['15号线'],1
锦绣路,JinXiu Lu,121.540041,31.187592,['7号线'],1
镇坪路,ZhenPing Lu,121.429779,31.246369,"['3号线', '4号线', '7号线']",3
长寿路,ChangShou Lu,121.438272,31.24086,"['13号线', '7号线']",2
长江南路,ChangJiang NanLu,121.491482,31.332062,"['18号线', '3号线']",2
长清路,chang qing lu,121.487775,31.174452,"['13号线', '7号线']",2
长风公园,ChangFeng GongYuan,121.39632,31.225254,['15号线'],1
闵瑞路,MinRui Lu,121.530323,31.047956,['浦江线'],1
闵行开发区,MinHang KaiFaQu,121.369712,31.000627,['5号线'],1
陆家嘴,LuJiaZui,121.502129,31.238259,"['14号线', '2号线']",2
陆家浜路,LuJiaBang Lu,121.486115,31.211789,"['8号线', '9号线']",2
陈春路,ChenChun Lu,121.558194,31.175095,['13号线'],1
陈翔公路,ChenXiang GongLu,121.306787,31.306484,['11号线'],1
陕西南路,ShaanXi NanLu,121.458741,31.215148,"['10号线', '12号线', '1号线']",3
隆德路,LongDe Lu,121.423576,31.230509,"['11号线', '13号线']",2
隆昌路,LongChang Lu,121.544692,31.275213,['12号线'],1
青浦新城,QingPu XinCheng,121.12567,31.158925,['17号线'],1
静安寺,JingAnSi,121.446533,31.223231,"['14号线', '2号线', '7号线']",3
鞍山新村,AnShan XinCun,121.509685,31.273242,['8号线'],1
顾唐路,GuTang Lu,121.656465,31.266074,['9号线'],1
顾戴路,GuDai Lu,121.39185,31.140888,['12号线'],1
顾村公园,GuCun GongYuan,121.373009,31.344594,"['15号线', '7号线']",2
颛桥,ZhuanQiao,121.401868,31.067013,['5号线'],1
马当路,MaDang Lu,121.477256,31.20952,"['13号线', '9号线']",2
马陆,MaLu,121.276906,31.319675,['11号线'],1
高桥,GaoQiao,121.562971,31.352622,['10号线'],1
高桥西,Gao QiaoXi,121.54928,31.351489,['10号线'],1
高科西路,GaoKe XiLu,121.509845,31.185761,"['6号线', '7号线']",2
高青路,GaoQing Lu,121.515787,31.159907,['6号线'],1
鲁班路,LuBan Lu,121.475148,31.199221,['4号线'],1
鹤沙航城,HeSha HangCheng,121.611239,31.077797,['16号线'],1
鹤涛路,HeTao Lu,121.58596,31.07186,['18号线'],1
黄兴公园,HuangXing GongYuan,121.533383,31.295389,['8号线'],1
黄兴路,HuangXing Lu,121.528401,31.278814,['8号线'],1
黄杨路,HuangYang Lu,121.591014,31.233998,['14号线'],1
龙华,LongHua,121.452958,31.172672,"['11号线', '12号线']",2
龙华中路,LongHua ZhongLu,121.457064,31.184379,"['12号线', '7号线']",2
龙柏新村,LongBai XinCun,121.37048,31.176882,['10号线'],1
龙溪路,LongXi Lu,121.380034,31.1944,['10号线'],1
龙漕路,LongCao Lu,121.444383,31.169458,"['12号线', '3号线']",2
龙耀路,LongYao Lu,121.459702,31.15972,['11号线'],1
龙阳路,LongYang Lu,121.557634,31.203575,"['16号线', '18号线', '2号线', '7号线', '磁浮线']",5
